ACC,ACCESS,ST,0,728
ACCESS,ACCESS,PT,0,956
ACCESS,ACCESS,ST,0,492
ACCESS RD,ACCESS ROAD,PT,2,493
ACCESS RD,ACCESS ROAD,ST,2,494
ACCESS ROAD,ACCESS ROAD,BT,0,973
ACCESS ROAD,ACCESS ROAD,PT,2,609
ACCESS ROAD,ACCESS ROAD,ST,2,12
ACRES,ACRES,BN,2,608
ACRES,ACRES,ST,0,849
ACRS,ACRES,BN,1,365
ACRS,ACRES,ST,0,729
ALLEE,ALLEY,ST,0,366
ALLEY,ALLEY,BN,0,954
ALLEY,ALLEY,ST,2,125
ALLEY WAY,ALLEY WAY,BT,0,958
ALLEY WAY,ALLEYWAY,ST,2,730
ALLEY WY,ALLEYWAY,ST,0,126
ALLEYWAY,ALLEYWAY,ST,0,13
ALLY,ALLEY,ST,0,731
ALT,ALTERNATE,BN,0,995
ALT,ALTERNATE,PM,1,951
ALY,ALLEY,ST,0,610
APARTMENTS,APARTMENTS,BN,2,727
APARTMENTS,APARTMENTS,ST,0,850
APPR,APPROACH,ST,0,495
APPROACH,APPROACH,ST,0,851
APTS,APARTMENTS,BN,2,490
APTS,APARTMENTS,ST,0,127
ARC,ARCADE,ST,0,128
ARCADE,ARCADE,BN,0,732
ARCADE,ARCADE,ST,0,245
ARCHWAY,ARCHWAY,BN,1,611
ARCHWAY,ARCHWAY,ST,0,852
ARTERY,ARTERY,ST,0,367
AV,AVENUE,PT,0,496
AV,AVENUE,ST,0,129
AVE,AVENUE,PT,0,247
AVE,AVENUE,ST,0,246
AVEN,AVENUE,PT,0,853
AVEN,AVENUE,ST,0,497
AVENU,AVENUE,ST,0,248
AVENUE,AVENUE,PT,0,612
AVENUE,AVENUE,ST,0,249
AVENUs,AVENUE,PT,0,498
AVN,AVENUE,PT,0,854
AVN,AVENUE,ST,0,250
AVNU,AVENUE,PT,0,499
AVNU,AVENUE,ST,0,613
AVNUE,AVENUE,PT,0,368
AVNUE,AVENUE,ST,0,855
BAY,BAY,BN,1,251
BAY,BAY,ST,0,614
BAYOO,BAYOU,ST,0,14
BAYOU,BAYOU,BN,2,1015
BAYOU,BAYOU,ST,0,615
BCH,BEACH,BN,1,15
BCH,BEACH,ST,0,856
BEA,BEACH,BN,0,1019
BEA,BEACH,ST,0,1007
BEACH,BEACH,BN,1,130
BEACH,BEACH,ST,0,477
BEND,BEND,BN,1,733
BEND,BEND,ST,0,500
BL,BOULEVARD,ST,2,1021
BLF,BLUFF,BN,1,503
BLF,BLUFF,ST,0,16
BLFS,BLUFFS,BN,1,17
BLFS,BLUFFS,ST,0,131
BLUF,BLUFF,BN,1,504
BLUF,BLUFF,ST,0,501
BLUFF,BLUFF,BN,1,858
BLUFF,BLUFF,ST,0,946
BLUFFS,BLUFFS,BN,2,857
BLUFFS,BLUFFS,ST,0,502
BLVD,BOULEVARD,ST,0,859
BND,BEND,ST,0,505
BOT,BOTTOM,ST,0,252
BOTTM,BOTTOM,ST,0,18
BOTTOM,BOTTOM,BN,2,959
BOTTOM,BOTTOM,ST,0,947
BOUL,BOULEVARD,ST,0,734
BOULEVARD,BOULEVARD,BN,2,1017
BOULEVARD,BOULEVARD,ST,0,19
BOULV,BOULEVARD,ST,0,253
BOW,BOW,BN,1,616
BR,BRANCH,ST,0,132
BRANCH,BRANCH,BN,1,254
BRANCH,BRANCH,ST,0,735
BRDGE,BRIDGE,ST,0,506
BRG,BRIDGE,ST,0,507
BRIDGE,BRIDGE,BN,1,255
BRIDGE,BRIDGE,ST,0,508
BRK,BROOK,ST,0,133
BRNCH,BRANCH,ST,0,617
BROOK,BROOK,BN,2,509
BROOK,BROOK,ST,0,510
BTM,BOTTOM,ST,0,256
BURG,BURG,ST,0,134
BURGS,BURGS,ST,0,20
BUS,BUSINESS,PM,0,952
BYP,BYPASS,PT,0,618
BYP,BYPASS,ST,0,736
BYPA,BYPASS,PT,0,511
BYPA,BYPASS,ST,1,491
BYPAS,BYPASS,PT,0,860
BYPAS,BYPASS,ST,0,479
BYPASS,BYPASS,PT,0,21
BYPASS,BYPASS,ST,0,257
BYPS,BYPASS,PT,0,737
BYPS,BYPASS,ST,0,22
BYWAY,BYWAY,ST,0,619
BYWY,BYWAY,ST,0,369
CAMP,CAMP,BN,1,512
CAMP,CAMP,ST,0,620
CANYN,CANYON,ST,0,738
CANYON,CANYON,BN,1,370
CANYON,CANYON,ST,0,513
CAPE,CAPE,BN,2,121
CAPE,CAPE,ST,0,478
CARTWAY,CARTWAY,BT,0,622
CARTWAY,CARTWAY,ST,0,621
CAUSEWAY,CAUSEWAY,BN,1,623
CAUSEWAY,CAUSEWAY,BT,0,718
CAUSEWAY,CAUSEWAY,ST,0,739
CAUSWA,CAUSEWAY,ST,0,371
CEN,CENTER,ST,0,23
CENT,CENTER,ST,0,372
CENTER,CENTER,BN,2,135
CENTER,CENTER,ST,0,836
CENTERS,CENTERS,ST,0,514
CENTR,CENTER,ST,0,258
CHAS,CHASE,ST,0,861
CHASE,CHASE,BN,2,962
CHASE,CHASE,ST,0,483
CI,CIRCLE,ST,1,1022
CIR,CIRCLE,ST,0,862
CIRC,CIRCLE,ST,0,740
CIRCL,CIRCLE,ST,0,373
CIRCLE,CIRCLE,BN,0,259
CIRCLE,CIRCLE,ST,0,24
CIRCLES,CIRCLES,ST,0,515
CIRCT,CIRCUIT,ST,0,516
CIRCUIT,CIRCUIT,BN,0,624
CIRCUIT,CIRCUIT,ST,0,374
CIRT,CIRCUIT,ST,0,375
CLB,CLUB,ST,0,25
CLF,CLIFF,ST,0,136
CLFS,CLIFFS,ST,0,741
CLIFF,CLIFF,BN,2,742
CLIFF,CLIFF,ST,0,376
CLIFFS,CLIFFS,BN,2,260
CLIFFS,CLIFFS,ST,0,377
CLOS,CLOSE,ST,0,378
CLOSE,CLOSE,ST,0,625
CLS,CLOSE,ST,0,626
CLUB,CLUB,BN,2,627
CLUB,CLUB,ST,0,743
CMN,COMMON,ST,0,517
CMNS,COMMONS,ST,0,1004
CMP,CAMP,ST,0,628
CNRS,CORNERS,ST,0,863
CNTER,CENTER,ST,0,379
CNTR,CENTER,BN,2,137
CNTR,CENTER,ST,0,26
CNYN,CANYON,ST,0,261
COL,COLONEL,BN,0,518
COL.,COLONEL,BN,0,138
COLONEL,COLONEL,BN,0,709
COM,COMMON,ST,0,380
COMMON,COMMON,BN,2,381
COMMON,COMMON,ST,0,519
COMMONS,COMMONS,BN,2,520
COMMONS,COMMONS,ST,0,139
CONN,CONNECTOR,ST,0,864
CONNECTOR,CONNECTOR,ST,0,744
COR,CORNER,ST,0,745
CORNER,CORNER,BN,1,629
CORNER,CORNER,ST,0,746
CORNERS,CORNERS,BN,1,262
CORNERS,CORNERS,ST,0,263
CORS,CORNERS,ST,0,264
COURSE,COURSE,BN,1,986
COURSE,COURSE,ST,0,1
COURT,COURT,BN,0,27
COURT,COURT,ST,1,140
COURTS,COURTS,ST,0,28
COURTYARD,COURTYARD,ST,0,141
COVE,COVE,BN,2,747
COVE,COVE,ST,0,521
COVES,COVES,BN,1,963
COVES,COVES,ST,0,748
CP,CAMP,ST,0,522
CPE,CAPE,BN,2,122
CPE,CAPE,ST,0,749
CR,CIRCLE,ST,0,602
CRCL,CIRCLE,ST,0,750
CRCLE,CIRCLE,ST,0,142
CREEK,CREEK,BN,2,631
CREEK,CREEK,ST,0,630
CRES,CRESCENT,ST,0,29
CRESCENT,CRESCENT,BN,0,30
CRESCENT,CRESCENT,ST,0,265
CREST,CREST,BN,2,241
CREST,CREST,ST,0,715
CRK,CREEK,ST,0,143
CRNS,CORNERS,ST,0,632
CRO,CROSSING,ST,0,1010
CROSSING,CROSSING,BN,1,865
CROSSING,CROSSING,ST,0,31
CROSSROAD,CROSSROAD,ST,0,32
CROSSROADS,CROSSROADS,BN,0,988
CROSSROADS,CROSSROADS,ST,2,382
CROSSWAY,CROSSWAY,ST,0,866
CRSE,COURSE,ST,0,383
CRSENT,CRESCENT,ST,0,751
CRSG,CROSSING,ST,0,867
CRSNT,CRESCENT,ST,0,523
CRSSNG,CROSSING,ST,0,144
CRST,CREST,BN,2,719
CRST,CREST,ST,0,752
CRTWY,CARTWAY,ST,0,266
CRVE,CURVE,ST,0,267
CSWY,CAUSEWAY,ST,0,33
CT,COURT,ST,0,868
CTR,CENTER,BN,2,633
CTR,CENTER,ST,0,384
CTS,COURTS,ST,0,385
CURV,CURVE,ST,0,634
CURVE,CURVE,BN,1,980
CURVE,CURVE,ST,0,236
CUTOFF,CUTOFF,PT,0,145
CUTOFF,CUTOFF,ST,0,268
CV,COVE,ST,0,269
DALE,DALE,BN,1,869
DALE,DALE,ST,0,753
DAM,DAM,BN,1,270
DAM,DAM,ST,0,524
DIV,DIVIDE,ST,0,870
DIVIDE,DIVIDE,ST,0,525
DL,DALE,ST,0,871
DM,DAM,ST,0,146
DOWNS,DOWNS,BN,2,720
DOWNS,DOWNS,ST,0,2
DR,DOCTOR,BN,0,386
DR,DRIVE,ST,0,34
DRIV,DRIVE,ST,0,35
DRIVE,DRIVE,PT,0,964
DRIVE,DRIVE,ST,1,147
DRIVES,DRIVES ,ST,0,36
DRIVES ,DRIVES ,ST,0,3
DRIVEWAY,DRIVEWAY,ST,0,526
DRV,DRIVE,ST,0,148
DRWY,DRIVEWAY,ST,0,872
DV,DIVIDE,ST,0,527
DVD,DIVIDE,ST,0,149
DWNS,DOWNS,BN,2,485
DWNS,DOWNS,ST,0,873
E,E,BN,0,150
E,EASTBOUND,HPD,0,419
E,EASTBOUND,HSD,0,410
E,EAST,PD,2,754
E,EAST,SD,2,874
E BRIDGEWATER,EAST BRIDGEWATER,BN,3,151
E BROOKFIELD,EAST BROOKFIELD,BN,3,875
E LONGMEADOW,EAST LONGMEADOW,BN,3,271
EAS,EAST,SD,2,1012
EAST,EAST,BN,0,387
EAST,EASTBOUND,HPD,0,675
EAST,EASTBOUND,HSD,0,82
EAST,EAST,PD,1,272
EAST,EAST,SD,1,152
EAST BRIDGEWATER,EAST BRIDGEWATER,BN,3,37
EAST BROOKFIELD,EAST BROOKFIELD,BN,3,755
EAST LONGMEADOW,EAST LONGMEADOW,BN,3,756
EDGE,EDGE,BN,2,758
EDGE,EDGE,ST,0,757
END,END,BN,2,388
END,END,ST,0,389
EST,ESTATE,ST,0,876
ESTATE,ESTATE,BN,2,759
ESTATE,ESTATE,ST,0,38
ESTATES,ESTATES,BN,2,760
ESTATES,ESTATES,ST,0,39
ESTE,ESTATE,ST,0,877
ESTS,ESTATES,ST,0,40
EX,EXTENSION,ST,2,1318
EXD,EXTENDED,PM,0,1323
EXN,EXTENSION,ST,0,1001
EXP,EXPRESSWAY,ST,0,153
EXPR,EXPRESSWAY,ST,0,41
EXPRESS,EXPRESS,BN,0,981
EXPRESS,EXPRESSWAY,ST,2,154
EXPRESSWAY,EXPRESSWAY,ST,0,878
EXPW,EXPRESSWAY,ST,0,761
EXPY,EXPRESSWAY,ST,0,879
EXT,EXTENSION,ST,0,155
EXTD,EXTENDED,PM,0,950
EXTENSION,EXTENSION,BN,0,982
EXTENSION,EXTENSION,ST,2,156
EXTENSIONS,EXTENSIONS,ST,0,712
EXTN,EXTENSION,ST,0,42
EXTNSN,EXTENSION,ST,0,273
EXTS,EXTENSIONS,ST,0,157
FALLS,FALLS,BN,2,486
FALLS,FALLS,ST,0,239
FARM,FARM,BN,1,635
FARM,FARM,ST,0,43
FARMS,FARMS,BN,2,158
FARMS,FARMS,ST,0,274
FERRY,FERRY,BN,2,762
FERRY,FERRY,ST,0,636
FIELD,FIELD,BN,1,528
FIELD,FIELD,ST,0,275
FIELDS,FIELDS,BN,2,276
FIELDS,FIELDS,ST,0,637
FIRE RD,FIRE ROAD,PT,0,880
FIRE ROAD,FIRE ROAD,PT,0,881
FLD,FIELD,ST,0,44
FLDS,FIELDS,ST,0,638
FLS,FALLS,BN,2,845
FLS,FALLS,ST,0,45
FORD,FORD,BN,1,390
FORD,FORD,ST,0,763
FORDS,FORDS,BN,1,989
FORDS,FORDS,ST,0,639
FOREST,FOREST,BN,2,359
FOREST,FOREST,ST,0,356
FORESTS,FORESTS,BN,2,721
FORESTS,FORESTS,ST,0,529
FORGE,FORGE,BN,2,11
FORGE,FORGE,ST,0,484
FORK,FORK,BN,1,640
FORK,FORK,ST,0,641
FORKS,FORKS,ST,0,159
FORT,FORT,BN,2,531
FORT,FORT,ST,0,530
FRD,FORD,ST,0,46
FREEWAY,FREEWAY,BN,0,983
FREEWAY,FREEWAY,ST,1,642
FREEWY,FREEWAY,ST,0,532
FRG,FORGE,BN,2,605
FRG,FORGE,ST,0,47
FRK,FORK,ST,0,277
FRKS,FORKS,ST,0,391
FRNT,FRONT,ST,0,643
FRONT,FRONT,BN,2,965
FRONT,FRONT,ST,0,237
FRRY,FERRY,ST,0,644
FRST,FOREST,ST,0,533
FRT,FORT,ST,0,645
FRWAY,FREEWAY,ST,0,160
FRWY,FREEWAY,ST,0,161
FRY,FERRY,ST,0,392
FT,FORT,ST,0,882
FWY,FREEWAY,ST,0,48
GARDEN,GARDEN,BN,2,722
GARDEN,GARDEN,ST,0,844
GARDENS,GARDENS,BN,2,362
GARDENS,GARDENS,ST,0,883
GARDN,GARDEN,BN,2,723
GARDN,GARDEN,ST,0,646
GATEWAY,GATEWAY,BN,2,974
GATEWAY,GATEWAY,ST,0,119
GATEWY,GATEWAY,ST,0,393
GATWAY,GATEWAY,ST,0,884
GD,GARDENS,ST,0,1320
GDN,GARDEN,BN,2,123
GDN,GARDEN,ST,0,49
GDNS,GARDENS,BN,2,124
GDNS,GARDENS,ST,0,50
GEN,GENERAL,BN,0,944
GENERAL,GENERAL,BN,2,113
GLAD,GLADE,ST,0,278
GLADE,GLADE,BN,2,162
GLADE,GLADE,ST,0,534
GLEN,GLEN,BN,2,764
GLEN,GLEN,ST,0,279
GLENS,GLENS,ST,0,885
GLN,GLEN,ST,0,51
GRDEN,GARDEN,BN,2,360
GRDEN,GARDEN,ST,0,535
GRDN,GARDEN,BN,2,361
GRDN,GARDEN,ST,0,394
GRDNS,GARDENS,BN,2,846
GRDNS,GARDENS,ST,0,52
GRE,GREEN,ST,1,1011
GREEN,GREEN,BN,2,280
GREEN,GREEN,ST,0,395
GREENE,GREENE,BN,2,886
GREENE,GREENE,ST,0,281
GREENS,GREENS,ST,0,282
GRN,GREEN,ST,0,396
GROV,GROVE,ST,0,765
GROVE,GROVE,BN,2,766
GROVE,GROVE,ST,0,397
GROVES,GROVES,ST,0,163
GRV,GROVE,ST,0,647
GTWAY,GATEWAY,ST,0,767
GTWY,GATEWAY,ST,0,398
HARB,HARBOR,ST,0,536
HARBOR,HARBOR,BN,2,7
HARBOR,HARBOR,ST,0,4
HARBORS,HARBORS,ST,0,283
HARBR,HARBOR,ST,0,768
HAVEN,HAVEN,BN,2,284
HAVEN,HAVEN,ST,0,887
HAYWAY,HAYWAY,BT,1,994
HAYWAY,HAYWAY,ST,0,164
HBR,HARBOR,ST,0,888
HEATH,HEATH,BN,1,979
HEATH,HEATH,ST,0,713
HEIGHTS,HEIGHTS,BN,2,165
HEIGHTS,HEIGHTS,ST,0,889
HGTS,HEIGHTS,ST,1,1023
HI,HILL,ST,0,1319
HIGHLANDS,HIGHLANDS,ST,0,166
HIGHWAY,HIGHWAY,HST,0,648
HIGHWY,HIGHWAY,HST,0,890
HILL,HILL,BN,2,769
HILL,HILL,ST,0,285
HILLS,HILLS,BN,2,960
HILLS,HILLS,ST,0,840
HILLWAY,HILLWAY,ST,0,770
HILN,HIGHLANDS,ST,0,649
HIWAY,HIGHWAY,HST,0,891
HIWY,HIGHWAY,HST,0,53
HL,HILL,BN,2,399
HL,HILL,ST,0,54
HLLW,HOLLOW,ST,0,537
HLS,HILLS,ST,0,538
HOLLOW,HOLLOW,BN,2,539
HOLLOW,HOLLOW,ST,0,892
HOLLOWS,HOLLOW,ST,0,400
HOLW,HOLLOW,ST,0,650
HOLWS,HOLLOW,ST,0,540
HOV LANE,HOV LANE,ST,0,401
HRBOR,HARBOR,ST,0,167
HT,HEIGHTS,ST,0,402
HTH,HEATH,ST,0,168
HTS,HEIGHTS,ST,0,651
HVN,HAVEN,ST,0,286
HWAY,HIGHWAY,HST,0,893
HWY,HIGHWAY,HST,0,541
HY,HIGHWAY,ST,0,1316
I,I,BN,0,403
I,INTERSTATE,HPT,0,287
INLET,INLET,BN,1,975
INLET,INLET,ST,0,120
INLT,INLET,ST,0,288
INTERSTATE,INTERSTATE,HPT,0,894
IS,ISLAND,ST,0,652
ISLAND,ISLAND,BN,2,289
ISLAND,ISLAND,ST,0,542
ISLANDS,ISLANDS,ST,0,169
ISLE,ISLE,BN,2,170
ISLE,ISLE,ST,0,404
ISLES,ISLE,ST,0,55
ISLND,ISLAND,ST,0,405
ISLNDS,ISLANDS,ST,0,290
ISS,ISLANDS,ST,0,543
JCT,JUNCTION,ST,0,56
JCTION,JUNCTION,ST,0,653
JCTN,JUNCTION,ST,0,771
JCTNS,JUNCTIONS,ST,0,895
JCTS,JUNCTIONS,ST,0,291
JUNCTION,JUNCTION,BN,0,544
JUNCTION,JUNCTION,ST,0,171
JUNCTIONS,JUNCTIONS,ST,0,545
JUNCTN,JUNCTION,ST,0,406
JUNCTON,JUNCTION,ST,0,546
KNL,KNOLL,ST,0,292
KNLS,KNOLLS,ST,0,654
KNOL,KNOLL,ST,0,172
KNOLL,KNOLL,BN,2,724
KNOLL,KNOLL,ST,0,5
KNOLLS,KNOLLS,BN,2,655
KNOLLS,KNOLLS,ST,0,173
LA,LANE,PT,0,293
LA,LANE,ST,0,656
LAKE,LAKE,BN,2,174
LAKE,LAKE,ST,0,547
LAKES,LAKES,ST,0,175
LANDING,LANDING,BN,2,176
LANDING,LANDING,ST,0,407
LANE,LANE,BN,1,177
LANE,LANE,PT,0,772
LANE,LANE,ST,2,57
LCK,LOCK,ST,0,548
LCKS,LOCKS,ST,0,773
LDG,LODGE,ST,0,549
LDGE,LODGE,ST,0,294
LF,LOAF,ST,0,178
LGT,LIGHT,ST,0,896
LIEUTENANT,LIEUTENANT,BN,2,114
LIGHT,LIGHT,BN,2,295
LIGHT,LIGHT,ST,0,897
LIGHTS,LIGHTS,ST,0,550
LK,LAKE,ST,0,408
LKOT,LOOKOUT,ST,0,409
LKS,LAKES,ST,0,551
LN,LANE,ST,0,58
LNDG,LANDING,ST,0,296
LNDNG,LANDING,ST,0,59
LOAF,LOAF,ST,0,411
LOCK,LOCK,ST,0,898
LOCKS,LOCKS,BN,2,606
LOCKS,LOCKS,ST,0,60
LODG,LODGE,ST,0,774
LODGE,LODGE,BN,2,775
LODGE,LODGE,ST,0,297
LOOKOUT,LOOKOUT,BN,2,61
LOOKOUT,LOOKOUT,ST,0,552
LOOP,LOOP,BN,0,179
LOOP,LOOP,ST,0,899
LOOPS,LOOP,ST,0,553
LOWER,LOWER,BN,2,554
LOWER,LOWER,PM,0,776
LP,LOOP,ST,0,180
LT,LIEUTENANT,BN,0,298
LT.,LIEUTENANT,BN,0,412
MA,MASSACHUSETTS,BN,0,181
MALL,MALL,BN,2,182
MALL,MALL,ST,0,900
MANOR,MANOR,BN,2,607
MANOR,MANOR,ST,0,357
MANORS,MANORS,ST,0,62
MASS,MASSACHUSETTS,BN,0,901
MASSACHUSETTS,MASSACHUSETTS,BN,2,233
MDOW,MEADOW,ST,0,183
MDW,MEADOWS,ST,0,184
MDWS,MEADOWS,ST,0,63
MEADOW,MEADOW,BN,2,902
MEADOW,MEADOW,ST,0,777
MEADOWS,MEADOWS,BN,2,299
MEADOWS,MEADOWS,ST,0,778
MEDOWS,MEADOWS,ST,0,555
MEWS,MEWS,BN,2,487
MEWS,MEWS,ST,0,779
MILL,MILL,BN,2,185
MILL,MILL,ST,0,780
MILLS,MILLS,BN,2,186
MILLS,MILLS,ST,0,781
MISSION,MISSION,BN,2,242
MISSION,MISSION,ST,0,358
MISSN,MISSION,ST,0,187
ML,MILL,ST,0,782
MLS,MILLS,ST,0,556
MNR,MANOR,ST,0,188
MNRS,MANORS,ST,0,657
MNT,MOUNT,BN,2,903
MNT,MOUNT,ST,0,904
MNTAIN,MOUNTAIN,ST,0,557
MNTN,MOUNTAIN,ST,0,413
MNTNS,MOUNTAINS,ST,0,783
MOOR,MOOR,BN,2,905
MOOR,MOOR,ST,0,784
MOTORWAY,MOTORWAY,ST,0,414
MOUNT,MOUNT,BN,2,906
MOUNT,MOUNT,ST,0,64
MOUNTAIN,MOUNTAIN,BN,2,189
MOUNTAIN,MOUNTAIN,ST,0,658
MOUNTAINS,MOUNTAINS,ST,0,659
MOUNTIN,MOUNTAIN,ST,0,558
MSSN,MISSION,ST,0,559
MT,MOUNT,BN,2,660
MTIN,MOUNTAIN,ST,0,415
MTN,MOUNTAIN,BN,2,300
MTN,MOUNTAIN,ST,0,560
MTWY,MOTORWAY,ST,0,785
N,N,BN,0,66
N,NORTHBOUND,HPD,0,117
N,NORTHBOUND,HSD,0,218
N,NORTH,PD,3,416
N,NORTH,SD,3,65
N ANDOVER,NORTH ANDOVER,BN,0,417
N ATTLEBOROUGH,NORTH ATTLEBOROUGH,BN,0,561
N BROOKFIELD,NORTH BROOKFIELD,BN,0,67
N READING,NORTH READING,BN,0,786
NCK,NECK,BN,2,725
NCK,NECK,ST,0,661
NE,NORTHEAST,PD,0,907
NE,NORTHEAST,SD,0,787
NECK,NECK,BN,2,847
NECK,NECK,ST,0,604
NEW,NEW,BN,2,662
NEW,NEW,PM,0,908
NEW ASHFORD,NEW ASHFORD,BN,0,562
NEW BEDFORD,NEW BEDFORD,BN,0,301
NEW BRAINTREE,NEW BRAINTREE,BN,0,418
NEW MARLBOROUGH,NEW MARLBOROUGH,BN,0,663
NEW SALEM,NEW SALEM,BN,0,302
NEW YORK,NEW YORK,BN,0,664
NORTH,NORTH,BN,1,665
NORTH,NORTHBOUND,HPD,0,842
NORTH,NORTHBOUND,HSD,0,788
NORTH,NORTH,PD,2,303
NORTH,NORTH,SD,2,909
NORTH ANDOVER,NORTH ANDOVER,BN,0,190
NORTH ATTLEBOROUGH,NORTH ATTLEBOROUGH,BN,0,68
NORTH BROOKFIELD,NORTH BROOKFIELD,BN,0,191
NORTH READING,NORTH READING,BN,0,910
NORTHBOUND,NORTHBOUND,HPD,0,957
NORTHBOUND,NORTHBOUND,HSD,0,714
NORTHEAST,NORTHEAST,BN,0,69
NORTHEAST,NORTHEAST,PD,1,911
NORTHEAST,NORTHEAST,SD,0,838
NORTHWEST,NORTHWEST,BN,0,789
NORTHWEST,NORTHWEST,PD,1,192
NORTHWEST,NORTHWEST,SD,0,235
NW,NORTHWEST,PD,0,420
NW,NORTHWEST,SD,0,193
OLD,OLD,BN,1,955
OLD,OLD,PM,0,912
OPAS,OVERPASS,ST,0,913
ORCH,ORCHARD,BN,2,243
ORCH,ORCHARD,ST,0,790
ORCHARD,ORCHARD,BN,2,363
ORCHARD,ORCHARD,ST,0,240
ORCHRD,ORCHARD,BN,2,848
ORCHRD,ORCHARD,ST,0,791
OVAL,OVAL,BN,2,1002
OVAL,OVAL,ST,0,115
OVERPASS,OVERPASS,ST,0,194
OVL,OVAL,ST,0,666
OVPS,OVERPASS,ST,0,914
PA,PATH,ST,0,792
PAR,PARK,ST,0,1005
PARK,PARK,BN,2,793
PARK,PARK,ST,0,794
PARKWAY,PARKWAY,BN,0,195
PARKWAY,PARKWAY,ST,0,563
PARKWAYS,PARKWAYS,ST,0,70
PARKWY,PARKWAY,ST,0,795
PASS,PASS,ST,0,915
PASSAGE,PASSAGE,BN,0,916
PASSAGE,PASSAGE,ST,0,421
PASSWAY,PASSWAY,ST,0,196
PAT,PATH,ST,0,1008
PATH,PATH,BN,1,564
PATH,PATH,ST,0,422
PATHE,PATHE,ST,0,565
PATHS,PATH,ST,0,796
PATHWAY,PATHWAY,ST,0,797
PIER,PIER,BN,1,423
PIER,PIER,PT,0,567
PIER,PIER,ST,0,566
PIKE,PIKE,BN,0,71
PIKE,PIKE,ST,0,667
PIKES,PIKE,ST,0,304
PINES,PINES,BN,2,305
PINES,PINES,ST,0,197
PK,PARK,BN,2,198
PK,PARK,ST,0,568
PKE,PIKE,ST,0,668
PKWAY,PARKWAY,ST,0,306
PKWY,PARKWAY,ST,0,569
PKWYS,PARKWAYS,ST,0,307
PKY,PARKWAY,ST,0,199
PL,PLACE,ST,0,917
PLA,PLACE,ST,0,1003
PLACE,PLACE,BN,1,424
PLACE,PLACE,ST,0,570
PLAIN,PLAIN,BN,2,918
PLAIN,PLAIN,ST,0,919
PLAINS,PLAINS,BN,2,425
PLAINS,PLAINS,ST,0,308
PLAZA,PLAZA,BN,2,200
PLAZA,PLAZA,ST,0,309
PLN,PLAIN,ST,0,310
PLNS,PLAINS,ST,0,798
PLZ,PLAZA,ST,0,426
PLZA,PLAZA,ST,0,799
PNES,PINES,ST,0,669
PNT,POINT,ST,0,72
POINT,POINT,BN,2,311
POINT,POINT,ST,0,427
POINTE,POINTE,ST,0,73
POINTS,POINTS,ST,0,920
POND,POND,BN,2,921
POND,POND,ST,0,201
PORT,PORT,BN,2,800
PORT,PORT,ST,0,571
PORTS,PORTS,ST,0,922
PR,PRAIRIE,ST,0,202
PRAIRIE,PRAIRIE,BN,2,990
PRAIRIE,PRAIRIE,ST,0,717
PRIVATE,PRIVATE,BN,0,837
PRIVATE DRIVE,PRIVATE DRIVE,BT,0,355
PRK,PARK,ST,0,670
PRR,PRAIRIE,ST,0,203
PRT,PORT,ST,0,312
PRTS,PORTS,ST,0,428
PSG,PASSAGE,ST,0,1324
PSGE,PASSAGE,ST,0,801
PT,POINT,BN,2,205
PT,POINT,ST,0,204
PTS,POINTS,ST,0,572
PUBLIC ALLEY,PUBLIC ALLEY,PT,0,429
PVT,PRIVATE,BN,0,475
PVT DR,PRIVATE DRIVE,BT,0,945
PVT DRIVE,PRIVATE DRIVE,BT,0,476
QUARRY,QUARRY,BN,2,802
QUARRY,QUARRY,ST,0,803
RAD,RADIAL,ST,0,804
RADIAL,RADIAL,ST,0,74
RADIEL,RADIAL,ST,0,923
RADL,RADIAL,ST,0,75
RAILROAD CROSSING,RAILROAD CROSSING,ST,0,716
RAILROAD XING,RAILROAD CROSSING,ST,0,76
RAMP,RAMP,BN,1,206
RAMP,RAMP,BT,0,976
RAMP,RAMP,PT,1,207
RAMP,RAMP,ST,2,573
RANCH,RANCH,BN,1,966
RANCH,RANCH,ST,0,238
RANCHES,RANCH,ST,0,924
RAPID,RAPID,ST,0,313
RAPIDS,RAPIDS,ST,0,208
RCH,REACH,ST,0,925
RD,ROAD,ST,0,314
RDG,RIDGE,ST,0,315
RDGE,RIDGE,ST,0,430
RDGS,RIDGES,ST,0,431
RDS,ROADS,ST,0,77
RDWY,ROADWAY,ST,0,78
REACH,REACH,BN,2,672
REACH,REACH,ST,0,671
REST,REST,ST,0,926
RIDGE,RIDGE,BN,2,432
RIDGE,RIDGE,ST,0,433
RIDGES,RIDGES,ST,0,673
RIGHT OF WAY,RIGHT OF WAY,BN,0,984
RIGHT OF WAY,RIGHT OF WAY,PT,1,967
RIGHT OF WAY,RIGHT OF WAY,ST,1,968
RIV,RIVER,ST,0,79
RIVE,RIVER,ST,0,209
RIVER,RIVER,BN,2,316
RIVER,RIVER,ST,0,805
RIVERWAY,RIVERWAY,ST,0,434
RIVR,RIVER,ST,0,806
RNCH,RANCH,ST,0,80
RNCHS,RANCH,ST,0,807
ROA,ROAD,ST,0,999
ROAD,ROAD,PT,0,674
ROAD,ROAD,ST,0,808
ROADS,ROADS,ST,0,81
ROADWAY,ROADWAY,PT,0,318
ROADWAY,ROADWAY,ST,0,317
ROTAR,ROTARY,ST,1,1018
ROTARY,ROTARY,BN,0,991
ROTARY,ROTARY,ST,2,319
ROUTE,ROUTE,HPT,0,927
ROUTE,ROUTE,HST,0,435
ROW,ROW,BN,1,810
ROW,RIGHT OF WAY,PT,1,969
ROW,ROW,PT,2,809
ROW,RIGHT OF WAY,ST,0,970
ROW,ROW,ST,2,436
RPD,RAPID,ST,0,83
RPDS,RAPIDS,ST,0,84
RR CROSSING,RAILROAD CROSSING,ST,0,928
RR CRSG,RAILROAD CROSSING,ST,0,320
RR XING,RAILROAD CROSSING,ST,0,437
RST,REST,ST,0,85
RT,ROUTE,HPT,0,438
RTE,ROUTE,HPT,0,574
RUE,RUE,PT,0,86
RUN,RUN,BN,2,87
RUN,RUN,ST,0,210
RVR,RIVER,ST,0,575
S,S,BN,1,321
S,SOUTHBOUND,HPD,0,354
S,SOUTHBOUND,HSD,0,843
S,SOUTH,PD,3,676
S,SOUTH,SD,3,439
S HADLEY,SOUTH HADLEY,BN,0,211
SAINT,SAINT,BN,0,948
SARGEANT,SERGEANT,BN,0,234
SE,SOUTHEAST,PD,0,88
SE,SOUTHEAST,SD,0,811
SGT,SERGEANT,BN,0,112
SHOAR,SHORE,ST,0,89
SHOARS,SHORES,ST,0,677
SHORE,SHORE,BN,2,212
SHORE,SHORE,ST,0,322
SHORES,SHORES,BN,2,678
SHORES,SHORES,ST,0,90
SHOREWAY,SHOREWAY,ST,0,440
SHR,SHORE,ST,0,812
SHRS,SHORES,ST,0,91
SKWY,SKYWAY,ST,0,679
SKYWAY,SKYWAY,ST,0,441
SLIP,SLIP,ST,0,323
SLOPE,SLOPE,ST,0,324
SLOPE ,SLOPE,BN,1,987
SMT,SUMMIT,ST,0,325
SOUTH,SOUTH,BN,1,680
SOUTH,SOUTHBOUND,HPD,2,118
SOUTH,SOUTHBOUND,HSD,2,442
SOUTH,SOUTH,PD,3,929
SOUTH,SOUTH,SD,3,213
SOUTH HADLEY,SOUTH HADLEY,BN,0,681
SOUTHBOUND,SOUTHBOUND,HSD,0,711
SOUTHEAST,SOUTHEAST,BN,0,930
SOUTHEAST,SOUTHEAST,PD,0,813
SOUTHEAST,SOUTHEAST,SD,0,949
SOUTHWEST,SOUTHWEST,BN,1,92
SOUTHWEST,SOUTHWEST,PD,0,326
SOUTHWEST,SOUTHWEST,SD,0,710
SPG,SPRING,BN,2,8
SPG,SPRING,ST,0,327
SPGS,SPRINGS,ST,0,93
SPNG,SPRING,BN,2,488
SPNG,SPRING,ST,0,443
SPNGS,SPRINGS,ST,0,444
SPRING,SPRING,BN,2,244
SPRING,SPRING,ST,0,6
SPRINGS,SPRINGS,BN,2,94
SPRINGS,SPRINGS,ST,0,814
SPRNGS,SPRINGS,ST,0,445
SPUR,SPUR,BN,0,815
SPUR,SPUR,ST,0,931
SPURS,SPURS,ST,0,328
SQ,SQUARE,ST,0,932
SQR,SQUARE,ST,0,214
SQRE,SQUARE,ST,0,816
SQRS,SQUARES,ST,0,817
SQU,SQUARE,ST,0,682
SQUARE,SQUARE,BN,2,329
SQUARE,SQUARE,ST,0,95
SQUARES,SQUARES,ST,0,446
ST,SAINT,BN,0,683
ST,STREET,ST,2,330
ST RTE,ROUTE,HPT,0,684
ST.,SAINT,BN,0,447
STA,STATION,BN,2,331
STA,STATION,ST,0,96
STATE ROUTE,ROUTE,HPT,0,576
STATE ROUTE,ROUTE,HST,0,841
STATE RT,ROUTE,HPT,0,818
STATE RTE,ROUTE,HPT,0,448
STATION,STATION,BN,2,215
STATION,STATION,ST,0,449
STN,STATION,ST,0,216
STR,STREET,ST,0,577
STRAIGHTWAY,STRAIGHTWAY,BT,1,992
STRAIGHTWAY,STRAIGHTWAY,ST,0,332
STRAITS,STRAITS,ST,0,333
STRASSE,STRASSE,ST,0,450
STRE,STREET,ST,0,998
STREAM,STREAM,BN,2,489
STREAM,STREAM,ST,0,451
STREE,STREET,ST,0,997
STREET,STREET,ST,0,578
STREETS,STREETS,ST,0,452
STREME,STREAM,ST,0,579
STRI,STRIP,ST,0,933
STRIP,STRIP,ST,0,685
STRM,STREAM,BN,2,364
STRM,STREAM,ST,0,334
STROLL,STROLL,ST,0,686
STRP,STRIP,ST,0,453
STRT,STREET,ST,0,580
SUMIT,SUMMIT,ST,0,217
SUMITT,SUMMIT,ST,0,581
SUMMIT,SUMMIT,BN,2,934
SUMMIT,SUMMIT,ST,0,582
SW,SOUTHWEST,PD,0,935
SW,SOUTHWEST,SD,0,335
TE,TERRACE,ST,1,1317
TER,TERRACE,ST,0,687
TERMINAL,TERMINAL,BN,2,819
TERMINAL,TERMINAL,PT,0,688
TERR,TERRACE,ST,0,583
TERRACE,TERRACE,BN,1,820
TERRACE,TERRACE,ST,0,454
THROUGHWAY,THROUGHWAY,ST,0,97
TL,TRAIL,ST,1,996
TLPK,TRAILER PARK,ST,0,455
TOWERS,TOWERS,BN,2,9
TOWERS,TOWERS,ST,0,689
TPK,TURNPIKE,ST,1,1020
TPKE,TURNPIKE,ST,0,936
TR,TERRACE,ST,0,835
TRA,TRAIL,ST,0,1006
TRACE,TRACE,ST,0,603
TRACK,TRACK,BN,1,456
TRACK,TRACK,ST,0,336
TRACKS,TRACK,ST,0,337
TRAFFICWAY,TRAFFICWAY,ST,0,937
TRAIL,TRAIL,BN,1,338
TRAIL,TRAIL,ST,0,584
TRAILER PARK,TRAILER PARK,BN,1,961
TRAILER PARK,TRAILER PARK,SM,2,985
TRAILER PARK,TRAILER PARK,ST,0,585
TRAILS,TRAIL,ST,0,821
TRAK,TRACK,ST,0,690
TRCE,TRACE,ST,0,691
TRK,TRACK,ST,0,822
TRKS,TRACK,ST,0,692
TRL,TRAIL,ST,0,339
TRLS,TRAIL,ST,0,586
TRNPK,TURNPIKE,ST,0,823
TRWY,THROUGHWAY,ST,0,457
TUN,TUNNEL,ST,0,340
TUNEL,TUNNEL,ST,0,341
TUNL,TUNNEL,ST,0,458
TUNLS,TUNNEL,ST,0,98
TUNNEL,TUNNEL,BN,0,938
TUNNEL,TUNNEL,ST,0,693
TUNNELS,TUNNEL,ST,0,219
TUNNL,TUNNEL,ST,0,99
TURN,TURN,BN,0,220
TURN,TURNPIKE,ST,0,342
TURNPIKE,TURNPIKE,BN,0,343
TURNPIKE,TURNPIKE,ST,0,824
TURNPK,TURNPIKE,ST,0,825
TWRS,TOWERS,BN,2,10
TWRS,TOWERS,ST,0,826
UN,UNION,ST,0,221
UNDERPASS,UNDERPASS,BN,2,971
UNDERPASS,UNDERPASS,ST,0,694
UNION,UNION,BN,2,827
UNION,UNION,ST,0,828
UNIONS,UNIONS,ST,0,695
UPAS,UNDERPASS,ST,0,696
UPPER,UPPER,BN,2,587
UPPER,UPPER,PM,0,697
US,ROUTE,HPT,0,222
US ROUTE,ROUTE,HPT,0,939
US ROUTE,ROUTE,HST,0,1322
VALE,VALE,BN,1,978
VALE,VALE,ST,0,977
VALLEY,VALLEY,BN,2,344
VALLEY,VALLEY,ST,0,588
VALLEYS,VALLEYS,ST,0,459
VALLY,VALLEY,ST,0,589
VDCT,VIADUCT,ST,0,345
VENUE,VENUE,BN,2,590
VENUE,AVENUE,ST,0,223
VIA,VIA,PT,0,698
VIA,VIADUCT,ST,0,224
VIADCT,VIADUCT,ST,0,225
VIADUCT,VIADUCT,ST,0,699
VIEW,VIEW,BN,3,940
VIEW,VIEW,ST,0,460
VIEWS,VIEWS,ST,0,461
VIL,VILLAGE,ST,0,1009
VILL,VILLAGE,ST,0,100
VILLAG,VILLAGE,ST,0,462
VILLAGE,VILLAGE,BN,2,101
VILLAGE,VILLAGE,ST,0,463
VILLAGES,VILLAGES,BN,1,993
VILLAGES,VILLAGES,ST,0,464
VILLE,VILLE,ST,0,465
VILLG,VILLAGE,ST,0,102
VILLIAGE,VILLAGE,ST,0,941
VIS,VISTA,PM,0,953
VIS,VISTA,ST,0,829
VIST,VISTA,ST,0,226
VISTA,VISTA,BN,2,591
VISTA,VISTA,ST,0,700
VL,VILLE,ST,0,466
VLG,VILLAGE,ST,0,103
VLGS,VILLAGES,ST,0,104
VLLY,VALLEY,ST,0,105
VLY,VALLEY,ST,0,467
VLYS,VALLEYS,ST,0,830
VST,VISTA,ST,0,592
VSTA,VISTA,ST,0,227
VW,VIEW,ST,0,593
VWS,VIEWS,ST,0,701
W,W,BN,0,228
W,WESTBOUND,HPD,0,482
W,WESTBOUND,HSD,0,116
W,WEST,PD,3,346
W,WEST,SD,3,594
W BOYLSTON,WEST BOYLSTON,BN,0,831
W BRIDGEWATER,WEST BRIDGEWATER,BN,0,347
W BROOKFIELD,WEST BROOKFIELD,BN,0,595
W NEWBURY,WEST NEWBURY,BN,0,596
W SPRINGFIELD,WEST SPRINGFIELD,BN,0,468
W STOCKBRIDGE,WEST STOCKBRIDGE,BN,0,229
W TISBURY,WEST TISBURY,BN,0,597
WALK,WALK,BN,0,469
WALK,WALK,ST,0,702
WALKS,WALKS,ST,0,598
WAY,WAY,PT,0,703
WAY,WAY,ST,2,599
WAYE,WAYE,ST,0,106
WAYS,WAYS,ST,0,600
WDS,WOODS,ST,0,230
WELL,WELL,BN,2,832
WELL,WELL,ST,0,231
WELLS,WELLS,BN,2,972
WELLS,WELLS,ST,0,480
WES,WEST,PD,2,1013
WEST,WEST,BN,0,704
WEST,WESTBOUND,HPD,0,839
WEST,WESTBOUND,HSD,0,481
WEST,WEST,PD,1,348
WEST,WEST,SD,1,470
WEST BOYLSTON,WEST BOYLSTON,BN,0,107
WEST BRIDGEWATER,WEST BRIDGEWATER,BN,0,705
WEST BROOKFIELD,WEST BROOKFIELD,BN,0,349
WEST NEWBURY,WEST NEWBURY,BN,0,471
WEST SPRINGFIELD,WEST SPRINGFIELD,BN,0,942
WEST STOCKBRIDGE,WEST STOCKBRIDGE,BN,0,472
WEST TISBURY,WEST TISBURY,BN,0,833
WHA,WHARF,ST,1,1016
WHARF,WHARF,BN,1,108
WHARF,WHARF,ST,0,109
WHF,WHARF,ST,0,706
WHRF,WHARF,ST,0,601
WK,WALK,ST,0,350
WLS,WELLS,ST,0,473
WOOD,WOOD,BN,2,834
WOOD,WOOD,ST,0,707
WOODS,WOODS,BN,2,351
WOODS,WOODS,ST,0,352
WY,WAY,ST,0,1321
WY,WAY,ST,0,708
XING,CROSSING,PT,0,353
XING,CROSSING,ST,0,474
XRD,CROSSROAD,ST,0,943
XRDS,CROSSROADS,ST,0,232
XT,EXTENSION,ST,0,111
YARD,YARD,BN,2,726
YARD,YARD,ST,0,110
